{
    "mapId": "start_map",
    "mapHash": 724956090,
    "positionData": [
        {
            "timestamp": 30,
            "position": {
                "x": -6.0,
                "y": 0.5,
                "z": -15.0
            },
            "rotation": {
                "x": 0.0,
                "y": 0.0,
                "z": 0.0,
                "w": 1.0
            },
            "velocity": {
                "x": 0.0,
                "y": -0.0000095367431640625,
                "z": 0.0
            },
            "angularVelocity": {
                "x": 0.0,
                "y": 0.0,
                "z": 0.0
            }
        },
        {
            "timestamp": 60,
            "position": {
                "x": -5.93583345413208,
                "y": 0.5000820755958557,
                "z": -14.377009391784668
            },
            "rotation": {
                "x": 0.5795762538909912,
                "y": -0.026891931891441346,
                "z": -0.05666100233793259,
                "w": 0.8125010132789612
            },
            "velocity": {
                "x": 0.7998946905136108,
                "y": -0.0164031982421875,
                "z": 2.5184168815612795
            },
            "angularVelocity": {
                "x": 5.032160758972168,
                "y": -0.08449041098356247,
                "z": -1.5979567766189576
            }
        },
        {
            "timestamp": 90,
            "position": {
                "x": -5.280045032501221,
                "y": 0.5002401471138,
                "z": -12.276679992675782
            },
            "rotation": {
                "x": 0.25994381308555605,
                "y": 0.04252784699201584,
                "z": -0.38522589206695559,
                "w": -0.8844330310821533
            },
            "velocity": {
                "x": -0.14243869483470918,
                "y": -0.04803180694580078,
                "z": 3.980255365371704
            },
            "angularVelocity": {
                "x": 7.939335823059082,
                "y": 0.02172062173485756,
                "z": 0.2835437059402466
            }
        },
        {
            "timestamp": 120,
            "position": {
                "x": -5.441758155822754,
                "y": 0.5,
                "z": -9.754484176635743
            },
            "rotation": {
                "x": -0.8254792094230652,
                "y": 0.28951147198677065,
                "z": 0.2503090798854828,
                "w": 0.41486474871635439
            },
            "velocity": {
                "x": -0.19405516982078553,
                "y": -0.000004766974598169327,
                "z": 4.412595748901367
            },
            "angularVelocity": {
                "x": 7.692553997039795,
                "y": 0.010357995517551899,
                "z": 0.3387393653392792
            }
        },
        {
            "timestamp": 150,
            "position": {
                "x": -4.806983947753906,
                "y": 0.5000141263008118,
                "z": -7.08819055557251
            },
            "rotation": {
                "x": 0.7779139280319214,
                "y": -0.35731804370880129,
                "z": -0.2663518488407135,
                "w": 0.44297894835472109
            },
            "velocity": {
                "x": 2.2758498191833498,
                "y": -0.0028228759765625,
                "z": 3.838909149169922
            },
            "angularVelocity": {
                "x": 6.641665458679199,
                "y": -0.10668032616376877,
                "z": -3.927128314971924
            }
        },
        {
            "timestamp": 180,
            "position": {
                "x": -2.9291300773620607,
                "y": 0.5000000596046448,
                "z": -6.000289440155029
            },
            "rotation": {
                "x": -0.2722005844116211,
                "y": -0.45644611120224,
                "z": 0.13852719962596894,
                "w": -0.8356876969337463
            },
            "velocity": {
                "x": 3.882739543914795,
                "y": -0.000019073486328125,
                "z": -0.06528793275356293
            },
            "angularVelocity": {
                "x": -0.12816865742206574,
                "y": -0.03927130252122879,
                "z": -7.69362211227417
            }
        },
        {
            "timestamp": 210,
            "position": {
                "x": -0.4352586269378662,
                "y": 0.5089326500892639,
                "z": -6.365013122558594
            },
            "rotation": {
                "x": -0.03880349174141884,
                "y": 0.513713538646698,
                "z": 0.5912931561470032,
                "w": 0.6204556822776794
            },
            "velocity": {
                "x": 4.2964277267456059,
                "y": 0.023169279098510743,
                "z": -0.48555782437324526
            },
            "angularVelocity": {
                "x": -0.8239111304283142,
                "y": -0.046063512563705447,
                "z": -6.951189994812012
            }
        },
        {
            "timestamp": 240,
            "position": {
                "x": 2.2497358322143556,
                "y": 0.5000001192092896,
                "z": -6.64056921005249
            },
            "rotation": {
                "x": 0.37400710582733157,
                "y": -0.30753910541534426,
                "z": -0.8743404150009155,
                "w": 0.032668586820364
            },
            "velocity": {
                "x": 4.662971019744873,
                "y": -0.00002384185791015625,
                "z": -1.0557016134262086
            },
            "angularVelocity": {
                "x": -1.6893216371536255,
                "y": -0.04880773648619652,
                "z": -7.510013103485107
            }
        },
        {
            "timestamp": 270,
            "position": {
                "x": 4.247679233551025,
                "y": 0.5000374913215637,
                "z": -7.970977306365967
            },
            "rotation": {
                "x": -0.007498495280742645,
                "y": -0.3547876179218292,
                "z": 0.613135814666748,
                "w": -0.7057861089706421
            },
            "velocity": {
                "x": -0.10231874883174896,
                "y": -0.007500648498535156,
                "z": -3.024937868118286
            },
            "angularVelocity": {
                "x": -6.0470733642578129,
                "y": -2.6464476585388185,
                "z": 0.20404638350009919
            }
        },
        {
            "timestamp": 300,
            "position": {
                "x": 3.319300889968872,
                "y": 0.500004768371582,
                "z": -10.26280403137207
            },
            "rotation": {
                "x": 0.3811362087726593,
                "y": 0.7796823978424072,
                "z": -0.49639639258384707,
                "w": 0.020523078739643098
            },
            "velocity": {
                "x": -2.1761834621429445,
                "y": -0.0009632110595703125,
                "z": -4.246026039123535
            },
            "angularVelocity": {
                "x": -6.851613998413086,
                "y": -0.22403760254383088,
                "z": 3.518732786178589
            }
        },
        {
            "timestamp": 330,
            "position": {
                "x": 3.0171566009521486,
                "y": 0.5000629425048828,
                "z": -12.873682975769043
            },
            "rotation": {
                "x": -0.4495055079460144,
                "y": -0.8037101626396179,
                "z": -0.389294296503067,
                "w": 0.021091140806674959
            },
            "velocity": {
                "x": 0.39857298135757449,
                "y": -0.012578964233398438,