{
    "mapId": "bouncy_trainer",
    "mapHash": 9111335,
    "positionData": [
        {
            "timestamp": 30,
            "position": {
                "x": -7.0,
                "y": 0.4999997913837433,
                "z": -15.0
            },
            "rotation": {
                "x": 0.0,
                "y": 0.0,
                "z": 0.0,
                "w": 1.0
            },
            "velocity": {
                "x": 0.0,
                "y": -0.0000095367431640625,
                "z": 0.0
            },
            "angularVelocity": {
                "x": 0.0,
                "y": 0.0,
                "z": 0.0
            }
        },
        {
            "timestamp": 60,
            "position": {
                "x": -7.0,
                "y": 0.4999997913837433,
                "z": -14.565253257751465
            },
            "rotation": {
                "x": 0.4187420606613159,
                "y": -6.37836658490265e-11,
                "z": -2.4867833486874602e-12,
                "w": 0.908105194568634
            },
            "velocity": {
                "x": -5.205262887386652e-10,
                "y": -1.1754843765032775e-9,
                "z": 2.1432619094848635
            },
            "angularVelocity": {
                "x": 4.117758750915527,
                "y": -8.041913801548617e-9,
                "z": -2.6026043542515255e-9
            }
        },
        {
            "timestamp": 90,
            "position": {
                "x": -7.732427597045898,
                "y": 1.8013945817947388,
                "z": -12.331273078918457
            },
            "rotation": {
                "x": 0.5990538001060486,
                "y": 0.3015248477458954,
                "z": 0.26130634546279909,
                "w": -0.6942163705825806
            },
            "velocity": {
                "x": -0.8509166240692139,
                "y": 3.1999988555908205,
                "z": 5.59466028213501
            },
            "angularVelocity": {
                "x": 6.206933975219727,
                "y": 0.10618561506271362,
                "z": 3.065282106399536
            }
        },
        {
            "timestamp": 120,
            "position": {
                "x": -6.841346740722656,
                "y": 0.6013939380645752,
                "z": -7.604617118835449
            },
            "rotation": {
                "x": -0.9789362549781799,
                "y": 0.04260331764817238,
                "z": -0.09109427779912949,
                "w": -0.17768153548240663
            },
            "velocity": {
                "x": 2.506507396697998,
                "y": 1.2000010013580323,
                "z": 8.421476364135743
            },
            "angularVelocity": {
                "x": 6.752388954162598,
                "y": 0.04355413094162941,
                "z": -1.81807541847229
            }
        },
        {
            "timestamp": 150,
            "position": {
                "x": -5.242964744567871,
                "y": 0.500005841255188,
                "z": -8.046340942382813
            },
            "rotation": {
                "x": -0.08913027495145798,
                "y": 0.29566967487335207,
                "z": -0.5665817260742188,
                "w": -0.7639505863189697
            },
            "velocity": {
                "x": 3.2018563747406008,
                "y": -0.0012016351101920009,
                "z": -3.147310256958008
            },
            "angularVelocity": {
                "x": -5.354367733001709,
                "y": -0.9890612959861755,
                "z": -5.447361946105957
            }
        },
        {
            "timestamp": 180,
            "position": {
                "x": -3.4502458572387697,
                "y": 0.7984384298324585,
                "z": -7.619239807128906
            },
            "rotation": {
                "x": -0.5235243439674377,
                "y": -0.45096734166145327,
                "z": 0.6875584125518799,
                "w": -0.22319111227989198
            },
            "velocity": {
                "x": 2.1825363636016847,
                "y": 7.199999809265137,
                "z": 2.462344169616699
            },
            "angularVelocity": {
                "x": 3.9141578674316408,
                "y": 1.9938498735427857,
                "z": -4.879444122314453
            }
        },
        {
            "timestamp": 210,
            "position": {
                "x": -3.2415237426757814,
                "y": 1.3984373807907105,
                "z": -5.39623498916626
            },
            "rotation": {
                "x": -0.05336128920316696,
                "y": 0.07983717322349549,
                "z": -0.19548800587654115,
                "w": 0.9759933948516846
            },
            "velocity": {
                "x": 0.7425365447998047,
                "y": -4.800001621246338,
                "z": 3.742344856262207
            },
            "angularVelocity": {
                "x": 3.798421859741211,
                "y": 1.9348945617675782,
                "z": -4.735166072845459
            }
        },
        {
            "timestamp": 240,
            "position": {
                "x": -1.5057661533355713,
                "y": 0.507044792175293,
                "z": -4.547009468078613
            },
            "rotation": {
                "x": 0.689833402633667,
                "y": -0.020242715254426004,
                "z": -0.6034610271453857,
                "w": -0.39944326877593996
            },
            "velocity": {
                "x": 3.799387216567993,
                "y": 0.3521312177181244,
                "z": -0.25678226351737978
            },
            "angularVelocity": {
                "x": -0.6524360775947571,
                "y": 0.8541316390037537,
                "z": -7.511734962463379
            }
        },
        {
            "timestamp": 270,
            "position": {
                "x": 0.9696900844573975,
                "y": 0.5000948905944824,
                "z": -5.2392706871032719
            },
            "rotation": {
                "x": -0.0844281017780304,
                "y": -0.721684455871582,
                "z": 0.664405882358551,
                "w": 0.17495252192020417
            },
            "velocity": {
                "x": 3.715547561645508,
                "y": -0.019021043553948404,
                "z": -0.2301705777645111
            },
            "angularVelocity": {
                "x": -0.40697070956230166,
                "y": 3.8233530521392824,
                "z": -6.681049823760986
            }
        },
        {
            "timestamp": 300,
            "position": {
                "x": 2.8536763191223146,
                "y": 0.4999990165233612,
                "z": -5.25034236907959
            },
            "rotation": {
                "x": -0.09543778002262116,
                "y": 0.665314257144928,
                "z": -0.4192984998226166,
                "w": 0.6102765798568726
            },
            "velocity": {
                "x": 2.9574978351593019,
                "y": 7.495567722060059e-9,
                "z": -0.010592068545520306
            },
            "angularVelocity": {
                "x": -0.039720531553030017,
                "y": 4.796414375305176,
                "z": -5.915407657623291
            }
        },
        {
            "timestamp": 330,
            "position": {
                "x": 4.199306011199951,
                "y": 0.4999997913837433,
                "z": -5.808033466339111
            },
            "rotation": {
                "x": 0.29359424114227297,
                "y": -0.137442946434021,
                "z": -0.5072454810142517,
                "w": -0.7985073328018189
            },
            "velocity": {
                "x": 1.1086760759353638,
                "y": -1.6396645152738643e-9,